AUDIT TEAM B,0,2025-11-03 12:29:10
TG CASH TEAM 8,6525,2025-11-03 14:21:22
TG CASH TEAM 1,3975,2025-11-03 14:30:36
FLM TEAM,1950,2025-11-03 14:48:24
PAKISTANI TEAM,2775,2025-11-03 15:00:21
DUBAI CULTURE AND ARTS AUTYORITY,4350,2025-11-03 15:10:47
TG15,1200,2025-11-03 15:15:49
MANANDAVADI RAMESH BABU,5525,2025-11-03 15:21:06
STRONG LADIES,3050,2025-11-03 15:28:44
TG KINGS,2150,2025-11-03 15:44:12
TSD RIVALS 2,6075,2025-11-03 15:50:28
DP-D18-CFO HOMELAND SHIELD1,1775,2025-11-03 15:55:16
VOSTOK TEAM 49,975,2025-11-03 15:59:50
THE GOVERNMENT OF DUBAI LEGAL AFFAIRS DEPARTMENT,4750,2025-11-03 16:07:08
VOSTOK TEAM 9,775,2025-11-03 16:11:24
TG CASH TEAM 10,5600,2025-11-03 16:15:02
TG CASH WARRIOR,4575,2025-11-03 16:19:26
ALL SPORTS DXB,8050,2025-11-03 16:25:25
TSD-2,6425,2025-11-03 16:32:37
TG MAVERICKS,4175,2025-11-03 16:37:35
TDS-3,3000,2025-11-03 16:41:51
GOLDEN STARS,5900,2025-11-03 16:46:09
LEGAL AFFAIRS DEPARTMENT,9475,2025-11-03 16:52:51
DUBAICULTURE2,4025,2025-11-03 16:59:07
NIKI BATCH,1450,2025-11-03 17:04:23
TSD1,3225,2025-11-03 17:08:06
TRANSGUARD1,525,2025-11-03 17:15:32
DIGITAL DUBAI TEAM,3675,2025-11-03 17:21:14
DIGITAL DUBAI WOMAN 2,10225,2025-11-03 17:26:52
LAD,0,2025-11-03 17:33:18
LAD,7500,2025-11-03 17:40:27
DUBAI HEALTH AUTHORITY,3975,2025-11-03 17:44:34
VS LADIES ,1675,2025-11-03 17:48:38
TSD RIVALS 2,4225,2025-11-03 17:52:26
DIGITAL DUBAILEDES,7400,2025-11-03 17:56:10
VOSTOK TEAM 1,425,2025-11-03 18:00:27
TSD4,2325,2025-11-03 18:04:16
INNOVO,450,2025-11-03 18:11:38
TRANS GUARD CASH TEAM 2,3200,2025-11-03 18:17:56
AJGY,250,2025-11-03 18:34:37
GO RUN,2575,2025-11-03 18:49:17
DAZZLJNG GALS,3125,2025-11-03 18:59:37
TRANSGARD CASH ADMIN,4150,2025-11-03 19:03:32
VOSTOK TEAM 5,3250,2025-11-03 19:07:18
VOSTOK TEAM 51,175,2025-11-03 19:13:25
DUBAI CUSTOMS MEN -A,9150,2025-11-03 19:17:21
VOSTOK TEAM 6,3375,2025-11-03 19:24:15
TRANSGURD RISERS,5350,2025-11-03 19:27:59
CIVIL DEFENSE A,3350,2025-11-03 19:40:56
COFFEE,4375,2025-11-03 19:45:40
TG CASH SECURITY,50,2025-11-03 19:49:26
NAEEM BAIG PAKISTAN,3450,2025-11-03 19:53:45
ZAMAN RASHEED,4450,2025-11-03 19:58:27
SIRA PORTAL TEAM,5825,2025-11-03 20:03:16
WINNERS1,3650,2025-11-03 20:07:37
SIRA PORTAL TEAM 1,9100,2025-11-03 20:12:29
GOOD GIRLS,6325,2025-11-03 20:24:30
VOSTOK TEAM 13,4100,2025-11-03 20:48:25
VOSTOK TEAM 19,5650,2025-11-03 20:55:41
SHEIKH HASSAN,16200,2025-11-03 20:59:36
EMAAR FIRE SAFETY,4600,2025-11-03 21:04:14
TRANSGUARD RISERS 2,11150,2025-11-03 21:08:53
BDUL RAZAQ,6275,2025-11-03 21:12:30
MANIC RUN CLUB DEUX,18250,2025-11-03 21:16:29
CIVIL DEFENSE B,5975,2025-11-03 21:20:11
TSD6,6075,2025-11-03 21:23:47
HARSHU,7625,2025-11-03 21:27:52
VOSTOK TEAM 28,8200,2025-11-03 21:31:28
DRAGON BOYS,2650,2025-11-03 21:35:48
VOSTOK TEAM 10,2200,2025-11-03 21:39:28
TG TIGERS,3375,2025-11-03 21:43:31
VOSTOK TEAM 25,7400,2025-11-03 21:47:22
VOSTOK TEAM 32,1500,2025-11-03 21:51:01
COSMO,2825,2025-11-03 21:55:18
VOSTOK TEAM 26,11200,2025-11-03 22:00:18
TRANSGUARD NOTCH,7725,2025-11-03 22:04:27
PRK,12700,2025-11-03 22:08:10
VOSTOK TEAM 52,8200,2025-11-03 22:16:24
VOSTOK TEAM 16,8100,2025-11-03 22:21:02
SIRA,6550,2025-11-03 22:25:45
BASRAH GROUP,11750,2025-11-03 22:30:08
TRANSGUARD CASH ADMIN 2,10500,2025-11-03 22:34:29
GULF DONS,10500,2025-11-03 22:39:24
DUBAI MUNICIPALITY LADIES TEAM,15925,2025-11-03 22:43:50
TN RACKERS,7625,2025-11-03 22:49:00
THAZIM,9850,2025-11-03 23:00:10
EL HAREEFA,9900,2025-11-03 23:04:21
EJADAH FINANCE 01,3100,2025-11-03 23:09:06
DUBAI121,2350,2025-11-03 23:15:20
AMAN25,4825,2025-11-03 23:19:43
MKV,11800,2025-11-03 23:29:16
TVK,4600,2025-11-03 23:36:31
VIJI TEAM,9725,2025-11-03 23:40:31
MONDAY TEAM,5700,2025-11-03 23:44:37
GOODIE GIRLS,3225,2025-11-03 23:48:45
THE FIGHTERS,4450,2025-11-03 23:52:25
THE FIGHTERS,3275,2025-11-03 23:55:59
CSK,6750,2025-11-03 23:59:27
GG1 MONSTERS,4150,2025-11-04 00:03:54
MANIC RUN CLUB,5325,2025-11-04 00:12:55
GUTS N GLORY,5200,2025-11-04 00:17:11
THE CUSPERS,11625,2025-11-04 00:21:05
SHAR WINNER,7325,2025-11-04 00:25:25
ROCKERS,5875,2025-11-04 00:29:25
PPS,5175,2025-11-04 00:40:41
MOONS,10450,2025-11-04 00:45:09
KOFATGIS,6350,2025-11-04 00:56:35
JOLY BOYS,10400,2025-11-04 01:00:52
SHABAB BUSTAN,13925,2025-11-04 01:04:36
TEAM MARVEL,10325,2025-11-04 01:10:48
TEAM BEAUTY,7050,2025-11-04 01:14:47
TEAM UAE,9375,2025-11-04 01:22:50
ISMAIL M,7950,2025-11-04 01:26:52
EL FANY,13800,2025-11-04 01:30:39
ANSARI TEAM,6700,2025-11-04 01:34:11
ROCK STAR,5900,2025-11-04 01:39:02
LEADING TEAM,5700,2025-11-04 01:42:57
TEAM,9225,2025-11-04 01:49:09
THE LIONS,9050,2025-11-04 01:52:46
TSD 10,2000,2025-11-04 14:09:18
TSD 9,5550,2025-11-04 14:22:04
TG MARKSMAN,6000,2025-11-04 14:26:41
KLASH KING,2425,2025-11-04 14:30:22
DMPF,375,2025-11-04 14:35:50
SALEM MOVES,3150,2025-11-04 14:54:49
TRANS GUARD CASH TEAM 6,6800,2025-11-04 15:01:41
ADVENTURE TEAM,6450,2025-11-04 15:07:04
ERU,3550,2025-11-04 15:15:26
TYFOON,3875,2025-11-04 15:21:00
DUBAI CULTURE AND ARTS AUTYORITY,9350,2025-11-04 15:28:54
TEAM QLAQQERS,5450,2025-11-04 15:33:18
PX HUYS,3025,2025-11-04 15:38:06
DP-D18-B-VIP1,3075,2025-11-04 15:42:15
TRANS GUARD TEAM 5,1050,2025-11-04 15:46:40
VOSTOK TEAM 12,6200,2025-11-04 15:53:15
VOSTOK TEAM 11,1575,2025-11-04 15:58:25
DUBAICULTURE2,3200,2025-11-04 16:02:53
VOSTOK TEAM 58,6100,2025-11-04 16:07:13
VOSTOK TEAM 2,5025,2025-11-04 16:11:19
TSD RIVALS,5025,2025-11-04 16:15:19
TG FLM 06,2000,2025-11-04 16:20:05
TSD88,2575,2025-11-04 16:24:14
CRAZY,5900,2025-11-04 16:28:11
TG ALPHA SQUAD,5150,2025-11-04 16:33:03
TG HAWKS,6475,2025-11-04 16:37:12
FEARLESS FALCONS,5425,2025-11-04 16:43:10
ERU,8225,2025-11-04 17:01:57
DIGITAL DUBAI TEAM,5775,2025-11-04 17:09:46
DU BOYZ,4275,2025-11-04 17:22:28
VIOLENT AZAZINZ,5425,2025-11-04 17:27:07
DDA LADIES 2,5050,2025-11-04 17:43:36
DUBAI CUSTOMS MEN  -C,9300,2025-11-04 18:01:26
DUBAI CUSTOMS LADIES-C,7175,2025-11-04 18:06:03
TRANS GUARD CASH TEAM 4,4200,2025-11-04 18:10:30
TG YOUTH,3825,2025-11-04 18:14:53
IINDIA WALE,1050,2025-11-04 18:19:51
TRANS GUARD CASH TEAM 3,1675,2025-11-04 18:23:28
DIGITAL DUBAI M2,3350,2025-11-04 18:27:18
TASHAN,3975,2025-11-04 18:35:00
STAR SQUAD,7300,2025-11-04 18:39:02
CASH SECURITY - ALPHA,3325,2025-11-04 18:42:57
DUBAI FINANCE,6875,2025-11-04 18:53:54
M MUSA,2500,2025-11-04 19:11:50
MANI BUTT,4225,2025-11-04 19:15:45
TRANS GUARD CASH TEAM 20,2775,2025-11-04 19:19:52
TG CASH RECON,575,2025-11-04 19:24:08
OSTHI MAMAE,4700,2025-11-04 19:35:54
SERENA GANG,925,2025-11-04 19:40:20
MIRZA TEAM,11575,2025-11-04 19:44:17
MALL BUGGY,4550,2025-11-04 19:48:35
THE FANTASTIC 4,3800,2025-11-04 19:54:06
GLADIATORS,6475,2025-11-04 19:57:59
SIRA PORTAL TEAM 2,2900,2025-11-04 20:02:11
SIRA PORTAL TEAM -1,11700,2025-11-04 20:06:20
HAGI,3125,2025-11-04 20:13:05
TSD12,7175,2025-11-04 20:19:04
VOSTOK TEAM 27,8400,2025-11-04 20:23:26
DEWA,7150,2025-11-04 20:28:38
DOGAR,5525,2025-11-04 20:32:38
BAIG,4000,2025-11-04 20:37:17
DP-D18-C1,2575,2025-11-04 20:41:43
ARKAN GREEN,5400,2025-11-04 20:46:53
FINANCIAL AUDIT AUTHORITY,5000,2025-11-04 20:51:07
ARKAN WHIE,3825,2025-11-04 20:55:18
VOSTOK TEAM 71,6625,2025-11-04 20:59:12
VOSTOK TEAM 23,8625,2025-11-04 21:03:18
VOS 14,7100,2025-11-04 21:07:22
VOSTOK TEAM 70,3000,2025-11-04 21:11:04
VOSTOK TEAM 41,3075,2025-11-04 21:15:03
BACKYARD NINJAS GIRLS,8200,2025-11-04 21:19:46
ALKASS TEAM,2700,2025-11-04 21:24:45
VOSTOK TEAM 45,5225,2025-11-04 21:28:20
CLAIRVOYANT FORCE SECURITY SERVICES LLC,6125,2025-11-04 21:32:02
VOSTOK TEAM 20,10325,2025-11-04 21:39:04
VOSTOK TEAM 29,2650,2025-11-04 21:42:42
WARIERS,8800,2025-11-04 21:46:14
VOSTOK TEAM 38,2500,2025-11-04 21:58:09
VOSTOK TEAM 43,8350,2025-11-04 22:02:13
VOSTOK TEAM 22,6475,2025-11-04 22:06:30
VOSTOK TEAM 17,5725,2025-11-04 22:10:33
 DP-D18-C1 STRIKE EAGLES3,1075,2025-11-04 22:14:27
ANDHRA BOYZ,5125,2025-11-04 22:18:06
IT ROCKS,6175,2025-11-04 22:21:47
VOSTOK TEAM,10150,2025-11-04 22:25:15
VOSTOK TEAM 56,12425,2025-11-04 22:29:03
SHAT L KALIIJ,175,2025-11-04 22:32:51
TUESDAY TEAM,6275,2025-11-04 22:42:00
V 4,2850,2025-11-04 22:47:47
LUCKY GUYS,8525,2025-11-04 22:52:04
SIRA1,11850,2025-11-04 22:55:40
JU JA,10500,2025-11-04 23:00:02
TEAM MATRIX,8750,2025-11-04 23:03:42
TSD13,3675,2025-11-04 23:08:10
ROARING TIGER,10600,2025-11-04 23:12:10
AMINE,8650,2025-11-04 23:16:13
TEAM VTS,5575,2025-11-04 23:19:57
LEADERS,12475,2025-11-04 23:23:49
VOSTOK TEAM 53,1900,2025-11-04 23:27:45
VOSTOK TEAM 33,3875,2025-11-04 23:31:47
DREAM TEAM,10600,2025-11-04 23:35:27
CHENNAI SUPER KINGS,1975,2025-11-04 23:40:09
DCD997 B,10525,2025-11-04 23:44:14
GANG BURDUBAI,8050,2025-11-04 23:47:47
REAL WORRIORS,8150,2025-11-04 23:51:35
KOVAI TEAM,15800,2025-11-04 23:55:16
PALABAN,5600,2025-11-05 00:00:07
INDIANS,5800,2025-11-05 00:04:14
DMI,8175,2025-11-05 00:09:53
SAFIULLAH,3175,2025-11-05 00:13:42
MAZENGE4,4850,2025-11-05 00:17:31
HORSE RIDERS ,6025,2025-11-05 00:21:09
EMINENT GROUP,8025,2025-11-05 00:24:50
FORCE TEAM,9225,2025-11-05 00:28:47
NEW,5600,2025-11-05 00:32:46
CTRL ALT  CELEBRATE,2400,2025-11-05 00:36:34
TIGER GANGS,11525,2025-11-05 00:40:36
4 WARRIORS,8175,2025-11-05 00:44:27
MAGIC MAKERS,275,2025-11-05 00:48:14
TNTP BOYS,2900,2025-11-05 00:52:45
POOL GUYS,8500,2025-11-05 00:56:24
BADTRIPPP BOYS,9075,2025-11-05 00:59:58
THE EGYPTIANS,50,2025-11-05 01:03:46
OLD IS GOLD,10650,2025-11-05 01:07:28
EFS HVAC,2800,2025-11-05 01:11:20
JARJIS,5025,2025-11-05 01:15:06
GORILLAS,13550,2025-11-05 01:18:43
TVK TEAM,7575,2025-11-05 01:22:31
THE WARRIORS,7850,2025-11-05 01:28:12
TSD-2,9250,2025-11-05 01:32:06
TEAM PRETTY,2100,2025-11-05 01:35:49
FRIENDS,8975,2025-11-05 01:44:24
TSD15,3175,2025-11-05 14:28:45
EMARAT TSD 16,4900,2025-11-05 14:32:48
CMT TEAM,3200,2025-11-05 14:36:43
DUBAICULTURE B3,6075,2025-11-05 14:41:28
THUNDER FALCONS,7575,2025-11-05 14:45:18
ATM1,2625,2025-11-05 14:49:06
TRANS GUARD CASH TEAM 12,5400,2025-11-05 14:54:49
TRANS GUARD CASH TEAM 13,4375,2025-11-05 14:58:41
1DUBAI CULTURE AND ARTS AUTHORITY,10525,2025-11-05 15:02:52
EMRILL TIGERS,2625,2025-11-05 15:08:30
VOSTOK TEAM 3,1750,2025-11-05 15:12:23
DUBAICOURTS,4925,2025-11-05 15:17:43
TSD17,6550,2025-11-05 15:22:10
GREY WOLVES,500,2025-11-05 15:27:31
TG CASH 01,1625,2025-11-05 15:31:33
TSD1,5125,2025-11-05 15:36:15
SL HEROS,7125,2025-11-05 15:39:56
TSD44,5225,2025-11-05 15:45:36
CLOSE FRI ,8850,2025-11-05 15:51:00
PRETTY TELUGU WOMEN,5400,2025-11-05 15:55:17
FLM ATM TEAM,925,2025-11-05 16:07:29
STAR SECURITY SERVICES LLC,1175,2025-11-05 16:14:35
TRANS GUARD CASH TEAM 11,5025,2025-11-05 16:19:01
TG SKY KINGS,3675,2025-11-05 16:23:17
VOSTOK TEAM A1,0,2025-11-05 16:29:28
MUZAMIL 4 ,2300,2025-11-05 16:33:55
VOSTOK TEAM 7,2525,2025-11-05 16:37:45
TSS,4150,2025-11-05 16:41:41
BESHER,0,2025-11-05 17:00:20
DIGITAL DUBAI TEAM,7275,2025-11-05 17:04:02
THE SUPREME LEGISLATION COMMITTE,4600,2025-11-05 17:08:25
TRANSGAURD KINGS,1050,2025-11-05 17:15:17
TG ALPHA GIRLS,3250,2025-11-05 17:20:21
NOSHI,2100,2025-11-05 17:24:02
HAFIZ,4350,2025-11-05 17:27:38
TG SPARK,1275,2025-11-05 17:39:20
DIGITAL DUBAI WOMAN 2,9500,2025-11-05 17:47:48
RANA TEAM,12300,2025-11-05 17:52:20
BESHER,0,2025-11-05 17:58:22
MBRSC FALCONS,10025,2025-11-05 18:03:33
TG CASH STRIKERS,2525,2025-11-05 18:13:49
TSD20,50,2025-11-05 18:26:39
VOSTOK TEAM 21,1700,2025-11-05 18:30:38
TASLLEEH 008,7450,2025-11-05 18:38:03
TASLLEEH 001,4025,2025-11-05 18:42:53
TASLLEEH GLADIATORS,2200,2025-11-05 18:47:22
TASLLEEH 002,225,2025-11-05 18:51:57
TSD18,3975,2025-11-05 18:56:17
TRANS GUARD CASH TEAM 16,1775,2025-11-05 19:00:00
BU HUSAIN,1450,2025-11-05 19:04:00
THE QUAD SQUAD,15800,2025-11-05 19:07:44
TASLLEEH 010,2950,2025-11-05 19:11:36
TG MONSTERS,1525,2025-11-05 19:15:19
TSLLEEH 011,4025,2025-11-05 19:18:48
DUBAI CUSTOMS MEN  -D,9775,2025-11-05 19:22:30
ZONE B,1725,2025-11-05 19:26:02
ALAUKIK,4400,2025-11-05 19:29:37
DUBAI CUSTOMS LADIES  -A,6850,2025-11-05 19:34:05
CUMMINS OLYMPIANS,4875,2025-11-05 19:38:27
TASLLEEH 06,2200,2025-11-05 19:42:09
SPARTAN,525,2025-11-05 19:45:57
GENV,5925,2025-11-05 19:49:28
AUDIX TEAM 02,3875,2025-11-05 19:53:23
SECURITY WARRIORS,350,2025-11-05 19:56:51
KDJC,6025,2025-11-05 20:00:52
AUDIX 3,1575,2025-11-05 20:04:36
HIGH POWER SERVI,5150,2025-11-05 20:09:20
VOSTOK TEAM 18,10400,2025-11-05 20:13:00
TEAM NEXTGEN PH,3000,2025-11-05 20:17:06
VOSTOK TEAM 72,375,2025-11-05 20:20:49
HAGI SAB,7700,2025-11-05 20:24:48
LOVELY TEAM,2275,2025-11-05 20:28:24
VOSTOK TEAM 15,1675,2025-11-05 20:32:08
MUNEEB DOGAR,3000,2025-11-05 20:35:44
TG SKY,9675,2025-11-05 20:39:36
HR HIVE,2825,2025-11-05 20:44:20
CAREEM,3775,2025-11-05 20:48:02
TG CASH TEAM 24,4425,2025-11-05 20:51:56
VOSTOK TEAM 37,7050,2025-11-05 20:55:59
NAPOLI,2175,2025-11-05 20:59:56
PORTAL GUYES,4850,2025-11-05 21:04:04
VOSTOK TEAM 34,4550,2025-11-05 21:07:55
VOSTOK TEAM 75,7500,2025-11-05 21:11:33
VOSTOK TEAM 46,3450,2025-11-05 21:15:24
PAKI HERO,5700,2025-11-05 21:19:10
GOLDEN FAN,8600,2025-11-05 21:22:42
VOSTOK TEAM 24,7425,2025-11-05 21:26:33
MANGUNI,4900,2025-11-05 21:31:02
BACKYARD NINJAS,16500,2025-11-05 21:35:01
RAMADAN TEAM,7425,2025-11-05 21:39:10
SYED ALI MASHHAD,4275,2025-11-05 21:43:00
SAFER SPARKS,6850,2025-11-05 21:46:34
BKG KINGZ,10300,2025-11-05 21:50:15
CHENNAI LADIES,8550,2025-11-05 21:53:59
AL ABABEEL,12425,2025-11-05 21:57:32
AMAN SECURITY TRAINING,1225,2025-11-05 22:01:11
DP-D18-C1 SECURITY FALCONS1,2775,2025-11-05 22:05:16
DXB HP,5550,2025-11-05 22:09:19
VOSTOK TEAM 57,5300,2025-11-05 22:13:04
TGUXE,15625,2025-11-05 22:17:28
MIRACLE GUYS,10875,2025-11-05 22:22:06
FUN GRIOUP,15425,2025-11-05 22:26:03
VOSTOK TEAM 50 ,6825,2025-11-05 22:29:42
VOSTOK TEAM 47,5375,2025-11-05 22:33:37
VOSTOK TEAM 48,11900,2025-11-05 22:38:01
RMD,17275,2025-11-05 22:41:37
VOSTOK TEAM 63,11500,2025-11-05 22:46:06
TAMIL TEAM,1575,2025-11-05 22:49:38
RANA SAB,10275,2025-11-05 22:53:23
TSD21,10975,2025-11-05 22:57:55
VOSTOK TEAM 78,8275,2025-11-05 23:01:54
DCC,8200,2025-11-05 23:05:56
LUCKY BOYS,8875,2025-11-05 23:09:34
COFFEE1,8475,2025-11-05 23:14:27
CROWN,10425,2025-11-05 23:19:02
KING4,8850,2025-11-05 23:22:49
VOSTOK TEAM 79,10850,2025-11-05 23:26:34
UXE IMPACT,4625,2025-11-05 23:35:23
TAMILANS,14350,2025-11-05 23:40:14
DBB,425,2025-11-05 23:44:19
TEAM -D,10000,2025-11-05 23:49:49
INFINITY GUYS,14450,2025-11-05 23:53:38
ONLY THE FAMILY,4975,2025-11-05 23:57:27
TEAM BURDUBAI,7325,2025-11-06 00:00:58
CHENNAI SUPER KING,9675,2025-11-06 00:04:32
VEERA,8275,2025-11-06 00:08:42
SMART TEAM,3925,2025-11-06 00:12:18
RAVI,200,2025-11-06 00:15:52
POWERPUFF GIRLS,6600,2025-11-06 00:19:28
TEAM DUBAI,6825,2025-11-06 00:23:00
BASHA,5675,2025-11-06 00:28:33
BILLA,4550,2025-11-06 00:32:07
PEARL,11750,2025-11-06 00:37:06
BLOCK TEAM,0,2025-11-06 00:41:52
BIG PUNCH,12900,2025-11-06 00:45:23
EARTH ALIENS,7500,2025-11-06 00:49:04
TEAM SPARK,8875,2025-11-06 00:52:46
WEDNESDAY TEAM ,3675,2025-11-06 00:56:54
BURDUBAI TEAM,3100,2025-11-06 01:00:29
TEAM PUFF GIRLS,6075,2025-11-06 01:04:18
TEAM VOSTOK 70,4275,2025-11-06 01:08:09
 VOS 4,8300,2025-11-06 01:11:46
LA3BANT,6025,2025-11-06 01:15:58
EBIED,11950,2025-11-06 01:19:54
SINGAM BACK,16675,2025-11-06 01:23:56
THANJAI TEAM,4850,2025-11-06 01:29:45
INSTINCTISTS,0,2025-11-06 01:33:37
AL FALAHI,0,2025-11-06 13:56:47
DUBAICULTURE2,5400,2025-11-06 14:14:46
DUBAICULTURE B3,7425,2025-11-06 14:19:22
TRANSGUARD1,2350,2025-11-06 14:23:28
DP-D18-C2 IRON120,75,2025-11-06 14:28:05
SHE-UNIT,10000,2025-11-06 14:34:09
DP-D18-F BLACK WOLF 1,7975,2025-11-06 14:41:21
TSD33,4000,2025-11-06 14:49:50
TSD 2025,2375,2025-11-06 14:56:22
VIP2,9375,2025-11-06 15:00:32
DP-D18-A IRON140,2425,2025-11-06 15:05:09
TG MAGE,4375,2025-11-06 15:08:49
TG CASH TEAM 16,500,2025-11-06 15:12:22
DP-D18-K DUBAI POLICE2,1500,2025-11-06 15:17:51
DP-D18-K DUBAI POLICE,3375,2025-11-06 15:22:22
DO-D18-K DUBAI POLICE1,3675,2025-11-06 15:26:50
TELUGU GROUP,5850,2025-11-06 15:31:12
FLM ATM TEAM,2700,2025-11-06 15:34:56
LEADERSHIP,400,2025-11-06 15:38:35
FIGHTER,50,2025-11-06 15:42:45
TG CASH TEAM 17,2525,2025-11-06 15:46:28
TSD34,4725,2025-11-06 15:51:05
ARC EVENT SECURITY LLC,3875,2025-11-06 15:55:00
UXE MARKETING,3000,2025-11-06 15:59:00
DOC NIGHT,2575,2025-11-06 16:02:40
NAIF CASTLE,1950,2025-11-06 16:06:41
LAHORE QALANDARS,5925,2025-11-06 16:10:55
LEADERSHIP,4900,2025-11-06 16:14:58
DP-D18-C2 IRON 130,1825,2025-11-06 16:19:41
VOSTOK TEAM 4,8425,2025-11-06 16:24:17
LIQAT,1000,2025-11-06 16:28:22
KNGT,0,2025-11-06 16:32:16
NASSAR,0,2025-11-06 16:35:53
AL AMEEN,1250,2025-11-06 16:47:00
DGHR,2200,2025-11-06 16:51:20
PUBLIC PROSECUTION 2,2875,2025-11-06 16:55:25
TSD 32,1525,2025-11-06 16:59:14
PUBLIC PROSECUTION,1550,2025-11-06 17:03:37
G4S ALLIED INNOVATORS,700,2025-11-06 17:07:25
JIL JUNG JUK,8375,2025-11-06 17:11:29
DCAS LAIDES TEAM,1400,2025-11-06 17:23:47
TSD55,850,2025-11-06 17:28:24
DUBAI AMBULANCE,3950,2025-11-06 17:38:18
DCAS TEAM,1050,2025-11-06 17:42:25
FLM 04,2625,2025-11-06 17:46:01
CDA,3650,2025-11-06 17:50:37
TG CASH 01,3775,2025-11-06 17:55:20
ASTER VOLUNTEERS,4675,2025-11-06 17:59:12
PRIDE,3425,2025-11-06 18:02:54
EPCL TITANS,12450,2025-11-06 18:06:46
SL GUYS,5700,2025-11-06 18:10:21
DCD997 A,2200,2025-11-06 18:16:03
DPWORLD GCC,6800,2025-11-06 18:22:02
DP WORLD,3725,2025-11-06 18:27:57
ABU DHABI  POLICE 1,800,2025-11-06 18:33:42
CDA GIRLS,825,2025-11-06 18:39:08
PREFERRED GUARD TEAM,4525,2025-11-06 18:48:32
RAK,5350,2025-11-06 18:54:04
RAK,2825,2025-11-06 18:59:18
MOUNTAIN,7775,2025-11-06 19:03:29
THE VISIONARIES,3125,2025-11-06 19:07:45
TG UNITED STAR,6050,2025-11-06 19:11:39
YUSUF TEAM,1375,2025-11-06 19:15:35
TRANS GUARD CASH TEAM 15,11200,2025-11-06 19:19:30
TG CASH TEAM 25,3400,2025-11-06 19:26:15
TEAM BUDOTS,1175,2025-11-06 19:29:50
SAQI786,7075,2025-11-06 19:35:45
TG CASH ADMIN,2525,2025-11-06 19:40:44
FERJAN DUBAI,6950,2025-11-06 19:45:39
DUBAI CUSTOMS LADIES  -B,1950,2025-11-06 19:51:00
TG CASH TEAM 19,9775,2025-11-06 19:56:50
HEROS,4825,2025-11-06 20:01:33
CR7,0,2025-11-06 20:05:18
TG SQUAD,2775,2025-11-06 20:08:52
VOSTOK TEAM 55,4050,2025-11-06 20:12:31
VOSTOK TEAM 8,8150,2025-11-06 20:16:23
CS SECURITY,1750,2025-11-06 20:20:38
DUBAI CUSTOMS MEN  -C,14475,2025-11-06 20:24:52
KOMBANZZZ,6500,2025-11-06 20:29:17
VOSTOK TEAM 81,4275,2025-11-06 20:32:50
SPARTON,1700,2025-11-06 20:36:28
VOSTOK TEAM 85,8975,2025-11-06 20:40:20
RTA LADIES TEAM 2,7200,2025-11-06 20:44:29
RTA LADIES TEAM 1,6500,2025-11-06 20:49:13
DUBAI LAND DEPARTMENT,5425,2025-11-06 20:55:35
DUBAI LAND DEPARTMENT  2,3600,2025-11-06 20:59:49
SIRA3,14075,2025-11-06 21:03:31
TN45 BOYS,4900,2025-11-06 21:08:08
AMAN,1825,2025-11-06 21:13:57
TEAM IGNITORS,5350,2025-11-06 21:17:41
TSD RIVALS,9775,2025-11-06 21:27:15
TVK2026,10025,2025-11-06 21:31:15
VOSTOK TEAM 40,9600,2025-11-06 21:35:13
VOSTOK TEAM 67,6775,2025-11-06 21:39:07
AUDIX,12125,2025-11-06 21:42:45
VOSTOK TEAM 80,13750,2025-11-06 21:46:19
VOSTOK TEAM 68,6000,2025-11-06 21:50:26
VOSTOK TEAM 66,4750,2025-11-06 21:54:22
VOSTOK TEAM 35,15175,2025-11-06 21:58:03
JJ GIRLS,14125,2025-11-06 22:01:39
BABY DOLL,8050,2025-11-06 22:05:19
HAMDANTEAM,5075,2025-11-06 22:09:15
BOXTEAM,8725,2025-11-06 22:13:33
GMONSTER1,8025,2025-11-06 22:17:07
BROWNIE LOVE,8200,2025-11-06 22:20:41
TEAM BRAVO,5500,2025-11-06 22:24:37
THURSDAY TEAM ,8750,2025-11-06 22:28:50
BEAUTY4,11200,2025-11-06 22:32:23
ABCD123,11500,2025-11-06 22:36:01
VOSTOK ACCESS TEAM,1650,2025-11-06 22:40:49
ABU DHABI A,3450,2025-11-06 22:47:15
TSD 30,4225,2025-11-06 22:51:35
TAMIL KINGS,5200,2025-11-06 22:55:41
SHADOW MANS,11700,2025-11-06 22:59:18
VOSTOK TEAM 62,2775,2025-11-06 23:02:52
TEAM VINCENT,7100,2025-11-06 23:07:27
VOSTOK TEAM 69,11325,2025-11-06 23:11:08
RISING RIVAL,8400,2025-11-06 23:14:45
IMRAN,8775,2025-11-06 23:18:45
TN SMART,11700,2025-11-06 23:22:17
SPARTA,4875,2025-11-06 23:25:51
JUNAID ,3075,2025-11-06 23:29:25
VICTORY,16750,2025-11-06 23:35:10
DREAM WARRIORS,13175,2025-11-06 23:38:49
CHENNAI PLAYER,14075,2025-11-06 23:42:50
BBH,8825,2025-11-06 23:46:37
TEAM INDIA,8050,2025-11-06 23:50:29
TKL,13525,2025-11-06 23:54:27
RAK,6500,2025-11-06 23:58:31
TWINKLE,1350,2025-11-07 00:02:27
SMART STRIKERS,4675,2025-11-07 00:06:59
KOFATGIS,11000,2025-11-07 00:11:22
RTA LADIES TEAM 2,13700,2025-11-07 00:16:16
TEAM RED,12225,2025-11-07 00:20:01
DELTA KING,12175,2025-11-07 00:23:44
DCD997 A,9700,2025-11-07 00:28:22
WOLF PACK,5250,2025-11-07 00:32:09
UNICORNS,1875,2025-11-07 00:36:12
GWD,11825,2025-11-07 00:39:49
TEAM SANGGOL,11975,2025-11-07 00:43:22
VOSTOK TEAM 65,3575,2025-11-07 00:47:02
PANALO,8000,2025-11-07 00:50:49
DP - D34  - NAD1,0,2025-11-07 00:54:47
LOVELY TWAM,9425,2025-11-07 00:58:23
UL BOYS,5000,2025-11-07 01:02:01
OKK TEAM,6725,2025-11-07 01:06:01
VOSTOK TEAM 64,6275,2025-11-07 01:09:46
MIDAS GROUP,14500,2025-11-07 01:13:26
SHARK,5475,2025-11-07 01:16:59
DEIRABOYS,1150,2025-11-07 01:20:31
MASTI QUEENS,12925,2025-11-07 01:24:11
HHH,4700,2025-11-07 01:28:22
DP-D34-NAD3,2225,2025-11-07 01:32:17
CHAMPS,0,2025-11-07 01:37:23
2 VOSTOK 2,0,2025-11-07 01:40:55
POOVAI ROCKS,0,2025-11-07 01:44:27
KANNADA KANMANIS,0,2025-11-07 01:48:42
Test My One,125,2026-02-05 11:41:39
Bate Man,3425,2026-02-05 20:42:56
My Test Team Five,0,2026-02-05 20:47:01
يو اكس اي,450,2026-02-05 22:51:40
ج م ش,11550,2026-02-05 23:02:20
صاقول,15625,2026-02-05 23:29:32
توتو,9550,2026-02-05 23:39:17
البنا,975,2026-02-05 23:53:17
السويدي,14950,2026-02-05 23:56:56
السويدي,12075,2026-02-06 00:00:34
فرجان دبي,11450,2026-02-06 00:07:55
ند الشيا,275,2026-02-06 00:12:13
المهيري,10200,2026-02-06 00:19:08
مريم,7025,2026-02-06 00:29:12
الوصل,12775,2026-02-06 00:32:51
دبدوب,4600,2026-02-06 00:39:13
الصاعقة,14425,2026-02-06 00:43:44
شباب زعبيل,0,2026-02-06 00:48:45
ميمي,7950,2026-02-06 00:56:50
شباب زعبيل,1275,2026-02-06 01:03:13
بن عمير,12400,2026-02-06 01:07:22
شباب زعبيل,4975,2026-02-06 01:13:27
نينجا,10425,2026-02-06 01:17:33
حور,13775,2026-02-06 01:21:24
t3,11250,2026-02-06 01:24:55
الغلا,17725,2026-02-06 01:28:50
رزوقي,8600,2026-02-06 01:32:51
جمال,12000,2026-02-06 01:36:29
شباب الاهلي,20675,2026-02-06 01:41:06
جامعة زايد,14000,2026-02-06 01:46:10
سماعة هواوي,22575,2026-02-06 01:54:11
تونتي تو,6475,2026-02-06 01:58:54
القحطاني,9675,2026-02-06 02:03:04
هلا مدريد,27800,2026-02-06 02:06:56
ليان راشد,15200,2026-02-06 02:15:30
مانسشتريونايتد,6900,2026-02-06 02:21:08
قروب محمد,4875,2026-02-06 02:24:57
سلنفش,12775,2026-02-06 02:29:32
يو اكس اي,7150,2026-02-06 21:17:19
سلطان,0,2026-02-06 21:26:29
التحدي,8800,2026-02-06 21:46:28
بو جاسم,1800,2026-02-06 21:51:09
فريق النور,425,2026-02-06 21:53:49
بن نبهان,1775,2026-02-06 22:04:07
زورو,6150,2026-02-06 22:09:47
محظوظ,1950,2026-02-06 22:12:17
مجر,6225,2026-02-06 22:14:35
البدواوي,7350,2026-02-06 22:17:00
ف ت ا,7150,2026-02-06 22:19:17
البنا,4700,2026-02-06 22:21:59
فريق النور,150,2026-02-06 22:42:43
مسك,3025,2026-02-06 22:46:41
ستيش,0,2026-02-06 22:51:08
ستيش,1250,2026-02-06 22:53:44
الغرشوب,5800,2026-02-06 23:01:40
الغرشوب,6050,2026-02-06 23:04:17
الصقور,2125,2026-02-06 23:06:47
الابطال 2,750,2026-02-06 23:09:49
الهرمودي,3025,2026-02-06 23:12:29
البنا 2,1250,2026-02-06 23:17:33
الاهلي,8850,2026-02-06 23:20:00
خالد,8700,2026-02-06 23:26:31
احمر,0,2026-02-06 23:50:45
دبي,10000,2026-02-06 23:54:36
سترونج,3275,2026-02-06 23:59:03
فهد,3475,2026-02-07 00:08:17
الابراج,3675,2026-02-07 00:11:09
السويديي,9650,2026-02-07 00:20:36
الحلوات,1550,2026-02-07 00:23:32
كونان,6325,2026-02-07 00:29:26
س م س,2925,2026-02-07 00:33:17
شارجه تيم,125,2026-02-07 00:36:02
3,8200,2026-02-07 00:38:10
كيزا,2675,2026-02-07 00:43:25
مون,375,2026-02-07 00:46:22
كيزا,4800,2026-02-07 00:49:01
ميم,1650,2026-02-07 00:57:55
الهاجري,525,2026-02-07 01:05:14
السويدي 2,10525,2026-02-07 01:10:51
المغزبي,5150,2026-02-07 01:17:53
التعاون,6025,2026-02-07 01:22:03
م م ح,0,2026-02-07 01:26:10
تريو,3750,2026-02-07 01:29:39
الام العصر,6925,2026-02-07 01:55:00
فتيات القوةة,9950,2026-02-07 02:02:37
س ف م,3100,2026-02-07 02:16:54
حفيت,3900,2026-02-07 02:23:57
العوضي,9475,2026-02-07 02:29:06
ميم الف ميم,6675,2026-02-07 02:52:10
يو اكس اي,0,2026-02-07 20:52:11
حمود دقوص,3575,2026-02-07 21:25:40
مهرجان الفرجان,5225,2026-02-07 21:43:03
بنات,4600,2026-02-07 21:49:28
قدها و نص,150,2026-02-07 22:06:44
فريق حميد,3325,2026-02-07 22:13:00
ميرة و ذياب,150,2026-02-07 22:16:20
فريق خالد و عبدالرحمن,400,2026-02-07 22:22:16
المبدعين,50,2026-02-07 22:30:45
ايرون مان,0,2026-02-07 22:35:14
الفريق 1,2925,2026-02-07 22:41:51
الفريق 2,3275,2026-02-07 22:44:27
فراشات,150,2026-02-07 22:47:03
الزعابي,50,2026-02-07 22:49:53
الزعابي,425,2026-02-07 22:52:43
الشباب,2675,2026-02-07 22:55:22
سعيد و محمد,3250,2026-02-07 23:00:42
فريق جمعة,1875,2026-02-07 23:03:14
مجلس طلبة دبي,2950,2026-02-07 23:06:06
الشباب,4175,2026-02-07 23:08:34
فريق الحب,5825,2026-02-07 23:26:31
الفهود,1600,2026-02-07 23:28:51
فريق خليفة,25,2026-02-07 23:32:17
رسم,8600,2026-02-07 23:35:16
الشجعان,2450,2026-02-07 23:38:04
عنب,1500,2026-02-07 23:40:55
زين,525,2026-02-07 23:49:51
سولات,4125,2026-02-07 23:52:35
الشحي,725,2026-02-07 23:59:08
فريق مايد,0,2026-02-08 00:01:57
أحفاد عبيد,400,2026-02-08 00:09:13
بن أيوب,6250,2026-02-08 00:12:09
الفوعة,400,2026-02-08 00:17:27
ريم,850,2026-02-08 00:22:47
شهد,2375,2026-02-08 00:28:23
تايقر,1000,2026-02-08 00:32:37
فريق العين,450,2026-02-08 00:37:26
الخوات,9100,2026-02-08 00:40:48
الازرق,4525,2026-02-08 00:42:59
زعامة الخوانيج,5875,2026-02-08 00:48:35
زعفرانه,1850,2026-02-08 00:50:43
الملكات,4250,2026-02-08 00:55:13
شقاح,1600,2026-02-08 00:59:46
لولو,200,2026-02-08 01:06:43
ياكم خطر,3650,2026-02-08 01:09:46
خ ف س,7350,2026-02-08 01:14:49
السعاده,50,2026-02-08 01:17:59
السعاده,3600,2026-02-08 01:20:36
محمد المجا,4150,2026-02-08 01:22:56
الفراشات,225,2026-02-08 01:28:55
الهرش,250,2026-02-08 01:39:13
البنات الحلوات,0,2026-02-08 01:41:36
المزرةعي,7025,2026-02-08 01:45:55
آل رصالح,3300,2026-02-08 01:48:23
زاخر,5850,2026-02-08 01:50:30
المزاريع,125,2026-02-08 01:59:21
لارا,2425,2026-02-08 02:05:19
فرانسه,975,2026-02-08 02:10:08
فالكون,250,2026-02-08 02:13:10
احمد,600,2026-02-08 02:15:40
الزهور,0,2026-02-08 02:18:15
مدينه هند,6225,2026-02-08 02:21:04
فرانسه,4175,2026-02-08 02:24:00
ازرق,0,2026-02-08 02:28:59
الجوارح,1800,2026-02-08 02:31:44
الهرش,0,2026-02-08 02:36:50
ع س,4825,2026-02-08 02:41:15
نرفان,2075,2026-02-08 02:44:47
القلوب,25,2026-02-08 02:48:42
ضروس,100,2026-02-08 02:52:40
ملك,3325,2026-02-08 03:05:13
ميلس,7275,2026-02-08 03:08:31
البنات الحلوات,0,2026-02-08 03:20:23
برشلونه,2000,2026-02-08 03:48:38
فريق حمد,1525,2026-02-08 21:03:10
النسمه,0,2026-02-08 21:06:43
العبدولي,650,2026-02-08 21:12:33
دانه و لولوة,500,2026-02-08 21:37:48
ب ك,350,2026-02-08 21:40:08
م,1500,2026-02-08 21:44:19
فريق سلامة,25,2026-02-08 21:46:33
خليها على الله,2500,2026-02-08 21:49:39
زايد,1150,2026-02-08 22:03:20
العين,1675,2026-02-08 22:07:31
فريق ريم,125,2026-02-08 22:09:31
الامل,7950,2026-02-08 22:12:30
الامل و التفاؤل,625,2026-02-08 22:16:17
الأميرات,6750,2026-02-08 22:45:50
فريق أحمد,200,2026-02-08 22:48:58
فريق عجمان,2500,2026-02-08 22:51:53
كينغ للأبد,225,2026-02-08 22:55:05
الخاجه,2425,2026-02-08 22:58:24
ارحم,1200,2026-02-08 23:00:30
هند,1900,2026-02-08 23:04:36
التعبانين,5450,2026-02-08 23:21:33
م س ر,5375,2026-02-08 23:23:57
فريق موافجة,5675,2026-02-08 23:32:51
التوار,3975,2026-02-08 23:40:05
فريق عمر,650,2026-02-08 23:42:19
القمزر,5300,2026-02-08 23:45:34
فريق حصه,0,2026-02-08 23:48:11
ماش,5975,2026-02-08 23:51:45
حمود الصغير,5100,2026-02-08 23:55:42
لابوبو,1000,2026-02-08 23:58:45
الشاعر,1450,2026-02-09 00:09:50
الثلاثي المرح,5875,2026-02-09 00:13:10
الشارقة,4200,2026-02-09 00:16:08
فريق المرح,7350,2026-02-09 00:19:10
الشارقة,4575,2026-02-09 00:22:35
ريتاج,3225,2026-02-09 00:24:47
فريق شمه,325,2026-02-09 00:28:02
فريق شمه,0,2026-02-09 00:31:33
براداا,1900,2026-02-09 00:34:32
فريق الوصل,7275,2026-02-09 00:37:40
ايسكريم,200,2026-02-09 00:39:52
النجوم,525,2026-02-09 00:42:02
سارة,4100,2026-02-09 00:44:15
في,2600,2026-02-09 00:52:23
متعب,325,2026-02-09 00:55:10
نويان,225,2026-02-09 01:01:32
جود,5000,2026-02-09 01:06:26
عبود,2775,2026-02-09 01:08:28
نويان,4700,2026-02-09 01:11:16
ايف اس,5575,2026-02-09 01:17:47
تلي تابيز,0,2026-02-09 01:24:27
يو اكس اي,3525,2026-02-09 01:34:28
فريق الاحمر,275,2026-02-09 01:37:23
فريق الاحمر,3850,2026-02-09 01:51:34
ند الحمر,6525,2026-02-09 01:54:45
المتان,5850,2026-02-09 01:57:41
المزهر,3025,2026-02-09 02:10:25
سبايدر مان,4050,2026-02-09 02:13:52
فري فلسطين,1400,2026-02-09 02:26:53
الرياض,1750,2026-02-09 02:31:08
دبي تشوكلت,4350,2026-02-09 02:38:57
شربل,200,2026-02-09 20:57:40
الحلوين,0,2026-02-09 21:17:25
بنفسجي,875,2026-02-09 21:24:14
شهدد,275,2026-02-09 21:35:31
سيفوه,75,2026-02-09 21:57:35
مقناص,1675,2026-02-09 22:04:58
غلا,3600,2026-02-09 22:10:48
يو اكس اي,0,2026-02-09 22:15:05
البلوشي,5000,2026-02-09 22:22:41
شيخه,1750,2026-02-09 22:39:11
محمد,3950,2026-02-09 22:43:29
البلوشي,2650,2026-02-09 23:00:28
بولحيول,8150,2026-02-09 23:05:37
فريق الشامسي,3650,2026-02-09 23:24:11
البلوشي,7650,2026-02-09 23:26:58
فريق حصة,4575,2026-02-09 23:30:13
ميسي,4375,2026-02-09 23:32:27
ارسنال,6750,2026-02-09 23:35:28
فريق مايىد,0,2026-02-09 23:39:01
نورة,2800,2026-02-09 23:41:21
فريق الشارجه,3775,2026-02-09 23:43:32
السعدي,2475,2026-02-09 23:45:35
فريق هيفا,75,2026-02-09 23:47:39
موزه,0,2026-02-10 00:00:33
مي مي,4325,2026-02-10 00:02:59
موزه,1800,2026-02-10 00:06:10
ستة سبعة,1425,2026-02-10 00:09:57
عليا,25,2026-02-10 00:16:48
فريق سلطان,100,2026-02-10 00:19:12
الاقوياء,2650,2026-02-10 00:46:00
فريق عوشه,450,2026-02-10 00:52:31
زعبيل,3100,2026-02-10 00:55:55
اي شي,2875,2026-02-10 00:58:35
النسور,4775,2026-02-10 01:03:57
باتمان,8400,2026-02-10 01:14:32
الثلاثي منحوس,5325,2026-02-10 01:43:25
ذا اوريجنلز,8850,2026-02-10 01:51:55
الثلاثي الكوكباني,7225,2026-02-10 01:57:15
سيل الازرق,3075,2026-02-10 02:01:36
الورد,9450,2026-02-10 02:07:12
باتمان,8800,2026-02-10 02:18:50
يهلان,5250,2026-02-10 02:25:03
فريق ميرة,2400,2026-02-10 20:59:06
خزرامة,0,2026-02-10 21:07:35
بنفسجي 2,0,2026-02-10 21:23:24
خلها على الله,9675,2026-02-10 21:40:26
السلطان,6325,2026-02-10 21:59:52
فريق الأول,21500,2026-02-10 22:07:27
فريق في,9500,2026-02-10 22:10:58
م فور,3200,2026-02-10 22:13:39
جاسم,3800,2026-02-10 22:16:10
جيمني,6775,2026-02-10 22:20:21
وينر,1900,2026-02-10 22:23:56
خوات,10275,2026-02-10 22:38:07
ليلام,2550,2026-02-10 22:45:19
الجوري,9225,2026-02-10 22:50:50
رونالدو,400,2026-02-10 22:55:31
ريف,1625,2026-02-10 22:58:14
الامين,50,2026-02-10 23:01:12
بوخازميه,1175,2026-02-10 23:05:33
سمبوسه,4050,2026-02-10 23:08:19
فطاير,6700,2026-02-10 23:10:52
قدها وقدود,925,2026-02-10 23:36:25
ماعرف,950,2026-02-10 23:40:21
بنات العبادي,6275,2026-02-10 23:42:53
الاذكياء,3800,2026-02-10 23:53:15
اي شي 2,2650,2026-02-10 23:55:43
الصفه 2,5875,2026-02-10 23:57:56
بنات طارق,7975,2026-02-11 00:01:50
سلمه,13675,2026-02-11 00:07:41
امنه,6200,2026-02-11 00:13:00
شمسه,4900,2026-02-11 00:15:31
جمس,2325,2026-02-11 00:18:02
اي شي 3,8300,2026-02-11 00:21:14
اي شي 4,625,2026-02-11 00:24:27
اي شي 4,175,2026-02-11 00:26:50
تنس تيم,1375,2026-02-11 00:37:52
م ش,5775,2026-02-11 00:49:21
309,3275,2026-02-11 00:52:22
ح غ ز,0,2026-02-11 00:55:20
الجاسوسات,2625,2026-02-11 00:58:00
الفرسان,7550,2026-02-11 01:05:29
الصفه 2,7400,2026-02-11 01:10:55
الزعامة,0,2026-02-11 01:16:37
بو حمره,5000,2026-02-11 01:27:23
شكري,7025,2026-02-11 01:32:14
القمزان,4200,2026-02-11 01:36:11
القمزان,19125,2026-02-11 01:39:16
سوبرمان,2900,2026-02-11 01:49:03
سوبرمان,5200,2026-02-11 01:51:34
على الله,6850,2026-02-11 01:56:39
بانوش,6775,2026-02-11 01:59:17
سوبرمان,4400,2026-02-11 02:01:34
سوبرمان,6375,2026-02-11 02:04:28
الورقه 1,6100,2026-02-11 02:14:56
منال,5650,2026-02-11 02:19:16
SG,11050,2026-02-11 02:22:20
نجوى,6175,2026-02-11 02:25:01
ايسو,3850,2026-02-11 02:29:20
اف ام,7875,2026-02-11 02:32:58
الثلاثي المرح 2,7275,2026-02-11 02:35:43
كاربيتر,5950,2026-02-11 02:38:32
الاساطير,5900,2026-02-11 02:41:24
قدها او نص,2175,2026-02-11 20:53:15
رايه,1925,2026-02-11 20:58:35
بانثر,425,2026-02-11 21:21:55
عوشة,450,2026-02-11 21:26:30
الأسود,100,2026-02-11 21:28:52
هايدي,2125,2026-02-11 21:31:20
جميرا,1025,2026-02-11 21:34:03
بنفسجي,0,2026-02-11 21:37:22
كول كيدز,850,2026-02-11 21:40:04
كرومي,750,2026-02-11 21:42:26
كول كيدز,325,2026-02-11 21:45:04
سلحغه,6950,2026-02-11 21:58:09
سلحغه,8925,2026-02-11 22:10:14
لازم نفوز,12325,2026-02-11 22:14:37
س م,3425,2026-02-11 22:17:41
حمد,325,2026-02-11 22:20:26
حكايات عالمية,3450,2026-02-11 22:43:13
نادرة,7250,2026-02-11 22:47:45
شهد الزبيدي,7100,2026-02-11 22:50:15
دانه,5000,2026-02-11 22:52:17
الأذكياء,5600,2026-02-11 22:56:09
الملل,2750,2026-02-11 22:58:32
ر ه ش,7000,2026-02-11 23:01:34
صاروخ,7425,2026-02-11 23:04:04
نادرة,6500,2026-02-11 23:06:44
فريق العوير,8600,2026-02-11 23:10:25
فله,1150,2026-02-11 23:13:16
ريمان,1275,2026-02-11 23:15:43
فريق ام عيسى,2525,2026-02-11 23:18:22
وردي,5000,2026-02-11 23:20:56
سنكرز,5900,2026-02-11 23:29:38
م ر م,7000,2026-02-11 23:31:58
ش ش ح,10050,2026-02-11 23:38:09
فريق الطوار,6700,2026-02-11 23:41:03
الأسود,1725,2026-02-11 23:44:18
الشحي 1,2275,2026-02-11 23:46:42
غالية,1000,2026-02-11 23:51:12
جميرا,4700,2026-02-11 23:53:32
فريق حمدان,2250,2026-02-12 00:07:30
شبت نار,6975,2026-02-12 00:10:29
فريق سيف,4800,2026-02-12 00:17:08
فريق راشد,3425,2026-02-12 00:19:31
صقر,6000,2026-02-12 00:22:30
الهاشمي,2525,2026-02-12 00:25:55
أمير,1825,2026-02-12 00:28:12
السعدي1,4650,2026-02-12 00:43:37
البستكي,7450,2026-02-12 00:50:18
ه ع ه,2250,2026-02-12 00:53:18
كفو,5700,2026-02-12 00:58:51
سوزاكي,6950,2026-02-12 01:03:02
ابراهيم,5950,2026-02-12 01:06:27
الراشديه,4175,2026-02-12 01:14:50
ثاني,225,2026-02-12 01:19:39
الصيري,16200,2026-02-12 01:23:49
دبي الدولية,3325,2026-02-12 01:28:38
بن حلوه,2900,2026-02-12 01:31:17
بن مسحار,2550,2026-02-12 01:33:50
بدون اولاد,6850,2026-02-12 01:37:00
الفلاسي,4125,2026-02-12 01:39:15
بو راشد,3175,2026-02-12 01:41:22
ديرة,15025,2026-02-12 01:43:59
خلوف,5550,2026-02-12 01:45:59
البريمي,6850,2026-02-12 01:48:27
ر م,6525,2026-02-12 01:54:14
علاوي,4400,2026-02-12 01:58:59
لساع,5200,2026-02-12 02:03:16
فتيات قوة,0,2026-02-12 02:08:40
فتيات قوة,275,2026-02-12 02:11:39
تيليتابيز,3275,2026-02-12 02:14:06
فريق اسماء,7300,2026-02-12 02:20:26
القصار,8825,2026-02-12 02:23:09
تيليتابيز,5225,2026-02-12 02:29:44
فتيات قوة,2600,2026-02-12 02:33:50
فريق حمدة,1500,2026-02-12 02:36:56
فريق غاية,3675,2026-02-12 02:42:08
جالبوت,7325,2026-02-12 02:44:44
الملقوفين,20700,2026-02-12 02:53:15
الامبراطور,9275,2026-02-12 02:57:10
بن ذيبان,2375,2026-02-12 03:00:27
سراج,8250,2026-02-12 03:12:33
مسي,200,2026-02-12 20:57:22
فريق حصه 1,0,2026-02-12 21:09:27
ررع,10200,2026-02-12 21:20:23
ررع,5625,2026-02-12 21:37:14
فريق نايف,0,2026-02-12 21:40:42
فراوله,3375,2026-02-12 21:55:29
فريق نايف,2150,2026-02-12 22:02:04
نجمه,275,2026-02-12 22:12:29
ع ه ع م,10650,2026-02-12 22:15:31
3 فتيات القوه,7500,2026-02-12 22:19:29
فريق الشارجه 1,2075,2026-02-12 22:21:56
اثنين ك,1200,2026-02-12 22:24:02
القرود,100,2026-02-12 22:26:09
فريق العوير 2,125,2026-02-12 22:28:37
نجومم,50,2026-02-12 22:37:19
نجومم,375,2026-02-12 22:39:23
لولو ميمي,3650,2026-02-12 22:42:21
فريق الفلاسي,0,2026-02-12 22:44:35
فريق عاشة,7050,2026-02-12 22:46:44
حمدان,725,2026-02-12 22:51:56
فريق الفلاسي,0,2026-02-12 22:54:40
الفلاسي والسويدي,3625,2026-02-12 23:01:25
فريق دبي,4875,2026-02-12 23:05:18
م م,11900,2026-02-12 23:08:07
فريق الجنيبي,5525,2026-02-12 23:10:50
ل ن,5650,2026-02-12 23:13:14
سمرفس,3925,2026-02-12 23:15:20
الفلاسي والسويدي,12700,2026-02-12 23:22:38
الراشدية,2175,2026-02-12 23:26:03
سته سبعه,1000,2026-02-12 23:28:47
صقور,275,2026-02-12 23:32:33
لهباب,950,2026-02-12 23:35:35
فريق الخوانيج 2,0,2026-02-12 23:38:41
اميره,1275,2026-02-12 23:41:58
بو زيد,725,2026-02-12 23:44:28
فريق العنود,7275,2026-02-12 23:46:52
عيال زايد,9275,2026-02-12 23:53:51
الملا,7375,2026-02-12 23:59:31
الملا,11450,2026-02-13 00:02:31
البلوشي 2,150,2026-02-13 00:07:19
الامارات 1,3075,2026-02-13 00:10:12
دبي,15150,2026-02-13 00:16:23
فريق الاول,7000,2026-02-13 00:19:49
الفريق الثاني,9000,2026-02-13 00:22:01
السعادة,0,2026-02-13 00:24:24
فهود زعبيل,525,2026-02-13 00:26:34
الميلس,4225,2026-02-13 00:29:22
مستو,13825,2026-02-13 00:36:03
العوير - الورقا,5525,2026-02-13 00:43:39
67ارسينال,1300,2026-02-13 00:46:28
فريق المزروعي,9375,2026-02-13 00:49:12
بنات الامارات,50,2026-02-13 00:51:21
بنات الامارات,700,2026-02-13 00:54:35
قرود 2,2475,2026-02-13 00:57:48
بنات الفريج,9150,2026-02-13 01:01:54
بنات النوخذه,4700,2026-02-13 01:04:44
خورفكان,0,2026-02-13 01:07:55
بوكي,6500,2026-02-13 01:10:29
فريق نوره,6575,2026-02-13 01:12:47
نمبر 1,2950,2026-02-13 01:15:02
أ ع ش,5925,2026-02-13 01:22:59
بنات الفريج,14225,2026-02-13 01:25:39
جلجوله,7800,2026-02-13 01:28:49
الكتبي,0,2026-02-13 01:31:14
الفايزين,3350,2026-02-13 01:33:46
فريج العوير,100,2026-02-13 01:38:01
عيال الامارات,1650,2026-02-13 01:43:59
فريق الخوانيج 2,8200,2026-02-13 01:52:32
فريق الخان,5225,2026-02-13 01:55:31
الليه,7925,2026-02-13 01:58:19
فاطمه,3650,2026-02-13 02:10:23
اريا,5200,2026-02-13 02:18:53
المرر,1975,2026-02-13 02:21:17
ف 3,17925,2026-02-13 02:24:23
اخضر,10550,2026-02-13 02:27:59
م م ش,4225,2026-02-13 02:31:14
فريق الخوانيج 3,0,2026-02-13 02:39:33
ف 3,0,2026-02-13 02:47:16
فريق البنات,550,2026-02-13 02:50:37
الفلاسي2,200,2026-02-13 02:56:53
الفلاسي2,775,2026-02-13 02:59:34
يو اكس اي,0,2026-02-13 05:19:37
المطوع,50,2026-02-13 21:20:04
فراوله 1,375,2026-02-13 21:34:59
بدر,8350,2026-02-13 21:41:46
بطة,7050,2026-02-13 21:48:19
جمعة,3800,2026-02-13 21:52:59
الذئاب,7950,2026-02-13 21:57:11
نيويورك,3325,2026-02-13 22:00:25
الممزر,1600,2026-02-13 22:02:54
الكعبي,3400,2026-02-13 22:05:04
ميرة,1425,2026-02-13 22:09:19
قروب مياو,4700,2026-02-13 22:12:35
مريم11,2600,2026-02-13 22:16:15
ميرة,2225,2026-02-13 22:21:06
مايد,1150,2026-02-13 22:39:00
الأهلي,15200,2026-02-13 22:42:18
المعمري,6900,2026-02-13 22:45:00
فريق البرشا,12825,2026-02-13 22:47:32
الحوسني,6900,2026-02-13 22:49:53
النصر,8475,2026-02-13 22:54:32
الوصل1,9425,2026-02-13 22:56:50
شمس,10950,2026-02-13 23:00:35
المعمري,12050,2026-02-13 23:07:28
فريق الحلوات,9175,2026-02-13 23:12:03
ام القيوين,8400,2026-02-13 23:15:36
البنات,4375,2026-02-13 23:18:26
الجبلين,4050,2026-02-13 23:20:39
ف ح ر,4775,2026-02-13 23:22:52
ورقا سيتي,3500,2026-02-13 23:26:29
ع س م,100,2026-02-13 23:28:54
الذئاب,13750,2026-02-13 23:31:32
ش ح م,8625,2026-02-13 23:33:54
الذئاب,18475,2026-02-13 23:37:06
ر ن,6700,2026-02-13 23:39:36
فريق الحلوات,8550,2026-02-13 23:46:27
فريق الحلوات,10450,2026-02-13 23:49:16
فريق الحلوات,14625,2026-02-13 23:53:41
الفرسان 2,7350,2026-02-13 23:56:18
النصر 19,3650,2026-02-14 00:01:39
امونة,1775,2026-02-14 00:06:02
فريج محيصنة,3400,2026-02-14 00:09:01
النشامه,5675,2026-02-14 00:11:13
النشامه,5725,2026-02-14 00:13:44
اي تي اس,3475,2026-02-14 00:16:17
القمزي,7825,2026-02-14 00:19:13
اي  شي 5,6425,2026-02-14 00:25:58
الفرسان 2,3575,2026-02-14 00:28:32
سايكو,5775,2026-02-14 00:34:42
الفلاحي,14775,2026-02-14 00:38:42
تيم جميرا,10950,2026-02-14 00:42:02
الحمادي,1800,2026-02-14 00:44:19
الوصلاويين,6900,2026-02-14 00:46:43
الأبيض,4950,2026-02-14 00:49:50
عيناوي,6925,2026-02-14 00:52:50
الفلاحي,16900,2026-02-14 00:55:44
المناصير,2425,2026-02-14 00:58:58
محيصنه واحد,9775,2026-02-14 01:02:05
نور,9000,2026-02-14 01:06:12
الدوسري,75,2026-02-14 01:08:23
النصر 2,175,2026-02-14 01:10:38
دبي الدولية,6275,2026-02-14 01:21:31
القصيرة و الطويلة,13575,2026-02-14 01:26:37
الميانين,9450,2026-02-14 01:33:23
الميلس,4250,2026-02-14 01:37:12
الجاسوسات,10900,2026-02-14 01:40:15
جيبرس,9325,2026-02-14 01:43:12
القصيرة و الطويلة,8775,2026-02-14 01:46:37
مرايا,9650,2026-02-14 01:49:39
21,3600,2026-02-14 01:53:23
فريق غلا,0,2026-02-14 01:55:40
راس الخيمه,175,2026-02-14 02:08:05
كلباء,4250,2026-02-14 02:10:48
تيم الفروخ,1650,2026-02-14 02:13:53
الوصل3,0,2026-02-14 02:16:43
كلباء,6175,2026-02-14 02:19:35
جرجير,2775,2026-02-14 02:23:23
الشمالية,8225,2026-02-14 02:28:57
سوبرمان2,25,2026-02-14 02:32:39
الكرات الورديه,225,2026-02-14 02:52:15
منصور و خالد,325,2026-02-14 02:55:20
مدريد,7600,2026-02-14 02:59:15
99,8075,2026-02-14 03:01:51
فريق سعيد,5775,2026-02-14 03:06:31
وندر,2650,2026-02-14 03:09:02
فريق مزهر 1,700,2026-02-14 03:15:11
فريق عواش,625,2026-02-14 03:18:08
تيلي تابيز,7850,2026-02-14 03:21:01
فريق عواش,0,2026-02-14 03:28:11
فريق عواش,2200,2026-02-14 03:31:06
فريق عواش,1700,2026-02-14 03:33:22
ممزر,7200,2026-02-14 03:35:44
فريق منصور,1275,2026-02-14 03:38:54
فتيات القوة 3,4925,2026-02-14 03:41:10
انجوي,6050,2026-02-14 03:43:20
فريق ضويحي,5650,2026-02-14 03:46:23
حسين الجسمي,5100,2026-02-14 03:49:13
الأهلي,15900,2026-02-14 03:52:52
قروب عيمان,8850,2026-02-14 03:57:06
طلحه,200,2026-02-14 20:34:33
فريق خالد,1975,2026-02-14 20:45:35
العيناويه,1675,2026-02-14 20:54:49
العيناويه,0,2026-02-14 21:00:10
فريق الحلوات,7725,2026-02-14 21:07:06
بور,625,2026-02-14 21:21:08
م م ع,7275,2026-02-14 21:25:33
الاخوان,175,2026-02-14 21:30:57
المرموم,300,2026-02-14 21:37:23
ع ع ح,1225,2026-02-14 21:48:06
الوصل 2,500,2026-02-14 21:50:33
